Index,Label
0,Normal
V1,Normal
V10,Normal
V100,Normal
V101,Normal
V102,Normal
V103,Normal
V104,Normal
V105,Normal
V106,Normal
V107,Normal
V108,Normal
V109,Normal
V11,Normal
V110,Normal
V111,Normal
V112,Normal
V113,Normal
V114,Normal
V115,Normal
V116,Normal
V117,Normal
V118,Normal
V119,Normal
V12,Normal
V120,Normal
V121,Normal
V122,Normal
V123,Normal
V124,Normal
V125,Normal
V126,Normal
V127,Normal
V128,Normal
V129,Normal
V13,Normal
V130,Normal
V131,Normal
V132,Normal
V133,Normal
V134,Normal
V135,Normal
V136,Normal
V137,Normal
V138,Normal
V139,Normal
V14,Normal
V140,Normal
V141,Normal
V142,Normal
V143,Normal
V144,Normal
V145,Normal
V146,Normal
V147,Normal
V148,Normal
V149,Normal
V15,Normal
V150,Normal
V151,Normal
V152,Normal
V153,Normal
V154,Normal
V155,Normal
V156,Normal
V157,Normal
V158,Normal
V159,Normal
V16,Normal
V160,Normal
V161,Normal
V162,Normal
V163,Normal
V164,Normal
V165,Normal
V166,Normal
V167,Normal
V168,Normal
V169,Normal
V17,Normal
V170,Normal
V171,Normal
V172,Normal
V173,Normal
V174,Normal
V175,Normal
V176,Normal
V177,Normal
V178,Normal
V179,Normal
V18,Normal
V180,Normal
V181,Normal
V182,Normal
V183,Normal
V184,Normal
V185,Normal
V186,Normal
V187,Normal
V188,Normal
V189,Normal
V19,Normal
V190,Normal
V191,Normal
V192,Normal
V193,Normal
V194,Normal
V195,Normal
V196,Normal
V197,Normal
V198,Normal
V199,Normal
V2,Normal
V20,Normal
V200,Normal
V201,Normal
V202,Normal
V203,Normal
V204,Normal
V205,Normal
V206,Normal
V207,Normal
V208,Normal
V209,Normal
V21,Normal
V210,Normal
V211,Normal
V212,Normal
V213,Normal
V214,Normal
V215,Normal
V216,Normal
V217,Normal
V218,Normal
V219,Normal
V22,Normal
V220,Normal
V221,Normal
V222,Normal
V223,Normal
V224,Normal
V225,Normal
V226,Normal
V227,Normal
V228,Normal
V229,Normal
V23,Normal
V230,Normal
V231,Normal
V232,Normal
V233,Normal
V234,Normal
V235,Normal
V236,Normal
V237,Normal
V238,Normal
V239,Normal
V24,Normal
V240,Normal
V241,Normal
V242,Normal
V243,Normal
V244,Normal
V245,Normal
V246,Normal
V247,Normal
V248,Normal
V249,Normal
V25,Normal
V250,Normal
V251,Normal
V252,Normal
V253,Normal
V254,Normal
V255,Normal
V256,Normal
V257,Normal
V258,Normal
V259,Normal
V26,Normal
V260,Normal
V261,Normal
V262,Normal
V263,Normal
V264,Normal
V265,Normal
V266,Normal
V267,Normal
V268,Normal
V269,Normal
V27,Normal
V270,Normal
V271,Normal
V272,Normal
V273,Normal
V274,Normal
V275,Normal
V276,Normal
V277,Normal
V278,Normal
V279,Normal
V28,Normal
V280,Normal
V281,Normal
V282,Normal
V283,Normal
V284,Normal
V285,Normal
V286,Normal
V287,Normal
V288,Normal
V289,Normal
V29,Normal
V290,Normal
V291,Normal
V292,Normal
V293,Normal
V294,Normal
V295,Normal
V296,Normal
V297,Normal
V298,Normal
V299,Normal
V3,Normal
V30,Normal
V300,Normal
V301,Normal
V302,Normal
V303,Normal
V304,Normal
V305,Normal
V306,Normal
V307,Normal
V308,Normal
V309,Normal
V31,Normal
V310,Normal
V311,Normal
V312,Normal
V313,Normal
V314,Normal
V315,Normal
V316,Normal
V317,Normal
V318,Normal
V319,Normal
V32,Normal
V320,Normal
V321,Normal
V322,Normal
V323,Normal
V324,Normal
V325,Normal
V326,Normal
V327,Normal
V328,Normal
V329,Normal
V33,Normal
V330,Normal
V331,Normal
V332,Normal
V333,Normal
V334,Normal
V335,Normal
V336,Normal
V337,Normal
V338,Normal
V339,Normal
V34,Normal
V340,Normal
V341,Normal
V342,Normal
V343,Normal
V344,Normal
V345,Normal
V346,Normal
V347,Normal
V348,Normal
V349,Normal
V35,Normal
V350,Normal
V351,Normal
V352,Normal
V353,Normal
V354,Normal
V355,Normal
V356,Normal
V357,Normal
V358,Normal
V359,Normal
V36,Normal
V360,Normal
V361,Normal
V362,Normal
V363,Normal
V364,Normal
V365,Normal
V366,Normal
V367,Normal
V368,Normal
V369,Normal
V37,Normal
V370,Normal
V371,Normal
V372,Normal
V373,Normal
V374,Normal
V375,Normal
V376,Normal
V377,Normal
V378,Normal
V379,Normal
V38,Normal
V380,Normal
V381,Normal
V382,Normal
V383,Normal
V384,Normal
V385,Normal
V386,Normal
V387,Normal
V388,Normal
V389,Normal
V39,Normal
V390,Normal
V391,Normal
V392,Normal
V393,Normal
V394,Normal
V395,Normal
V396,Normal
V397,Normal
V398,Normal
V399,Normal
V4,Normal
V40,Normal
V400,Normal
V401,Normal
V402,Normal
V403,Normal
V404,Normal
V405,Normal
V406,Normal
V407,Normal
V408,Normal
V409,Normal
V41,Normal
V410,Normal
V411,Normal
V412,Normal
V413,Normal
V414,Normal
V415,Normal
V416,Normal
V417,Normal
V418,Normal
V419,Normal
V42,Normal
V420,Normal
V421,Normal
V422,Normal
V423,Normal
V424,Normal
V425,Normal
V426,Normal
V427,Normal
V428,Normal
V429,Normal
V43,Normal
V430,Normal
V431,Normal
V432,Normal
V433,Normal
V434,Normal
V435,Normal
V436,Normal
V437,Normal
V438,Normal
V439,Normal
V44,Normal
V440,Normal
V441,Normal
V442,Normal
V443,Normal
V444,Normal
V445,Normal
V446,Normal
V447,Normal
V448,Normal
V449,Normal
V45,Normal
V450,Normal
V451,Normal
V452,Normal
V453,Normal
V454,Normal
V455,Normal
V456,Normal
V457,Normal
V458,Normal
V459,Normal
V46,Normal
V460,Normal
V461,Normal
V462,Normal
V463,Normal
V464,Normal
V465,Normal
V466,Normal
V467,Normal
V468,Normal
V469,Normal
V47,Normal
V470,Normal
V471,Normal
V472,Normal
V473,Normal
V474,Normal
V475,Normal
V476,Normal
V477,Normal
V478,Normal
V479,Normal
V48,Normal
V480,Normal
V481,Normal
V482,Normal
V483,Normal
V484,Normal
V485,Normal
V486,Normal
V487,Normal
V488,Normal
V489,Normal
V49,Normal
V490,Normal
V491,Normal
V492,Normal
V493,Normal
V494,Normal
V495,Normal
V496,Normal
V497,Normal
V498,Normal
V499,Normal
V5,Normal
V50,Normal
V500,Normal
V501,Normal
V502,Normal
V503,Normal
V504,Normal
V505,Normal
V506,Normal
V507,Normal
V508,Normal
V509,Normal
V51,Normal
V510,Normal
V511,Normal
V512,Normal
V513,Normal
V514,Normal
V515,Normal
V516,Normal
V517,Normal
V518,Normal
V519,Normal
V52,Normal
V520,Normal
V521,Normal
V522,Normal
V523,Normal
V524,Normal
V525,Normal
V526,Normal
V527,Normal
V528,Normal
V529,Normal
V53,Normal
V530,Normal
V531,Normal
V532,Normal
V533,Normal
V534,Normal
V535,Normal
V536,Normal
V537,Normal
V538,Normal
V539,Normal
V54,Normal
V540,Normal
V541,Normal
V542,Normal
V543,Normal
V544,Normal
V545,Normal
V546,Normal
V547,Normal
V548,Normal
V549,Normal
V55,Normal
V550,Normal
V551,Normal
V552,Normal
V553,Normal
V554,Normal
V555,Normal
V556,Normal
V557,Normal
V558,Normal
V559,Normal
V56,Normal
V560,Normal
V561,Normal
V562,Normal
V563,Normal
V564,Normal
V565,Normal
V566,Normal
V567,Normal
V568,Normal
V569,Normal
V57,Normal
V570,Normal
V571,Normal
V572,Normal
V573,Normal
V574,Normal
V575,Normal
V576,Normal
V577,Normal
V578,Normal
V579,Normal
V58,Normal
V580,Normal
V581,Normal
V582,Normal
V583,Normal
V584,Normal
V585,Normal
V586,Normal
V587,Normal
V588,Normal
V589,Normal
V59,Normal
V590,Normal
V591,Normal
V592,Normal
V593,Normal
V594,Normal
V595,Normal
V596,Normal
V597,Normal
V598,Normal
V599,Normal
V6,Normal
V60,Normal
V600,Normal
V601,Normal
V602,Normal
V603,Normal
V604,Normal
V605,Normal
V606,Normal
V607,Normal
V608,Normal
V609,Normal
V61,Normal
V610,Normal
V611,Normal
V612,Normal
V613,Normal
V614,Normal
V615,Normal
V616,Normal
V617,Normal
V618,Normal
V619,Normal
V62,Normal
V620,Normal
V621,Normal
V622,Normal
V623,Normal
V624,Normal
V625,Normal
V626,Normal
V627,Normal
V628,Normal
V629,Normal
V63,Normal
V630,Normal
V631,Normal
V632,Normal
V633,Normal
V634,Normal
V635,Normal
V636,Normal
V637,Normal
V638,Normal
V639,Normal
V64,Normal
V640,Normal
V641,Normal
V642,Normal
V643,Normal
V644,Normal
V645,Normal
V646,Normal
V647,Normal
V648,Normal
V649,Normal
V65,Normal
V650,Normal
V651,Normal
V652,Normal
V653,Normal
V654,Normal
V655,Normal
V656,Normal
V657,Normal
V658,Normal
V659,Normal
V66,Normal
V660,Normal
V661,Normal
V662,Normal
V663,Normal
V664,Normal
V665,Normal
V666,Normal
V667,Normal
V668,Normal
V669,Normal
V67,Normal
V670,Normal
V671,Normal
V672,Normal
V673,Normal
V674,Normal
V675,Normal
V676,Normal
V677,Normal
V678,Normal
V679,Normal
V68,Normal
V680,Normal
V681,Normal
V682,Normal
V683,Normal
V684,Normal
V685,Normal
V686,Normal
V687,Normal
V688,Normal
V689,Normal
V69,Normal
V690,Normal
V691,Normal
V692,Normal
V693,Normal
V694,Normal
V695,Normal
V696,Normal
V697,Normal
V698,Normal
V699,Normal
V7,Normal
V70,Normal
V700,Normal
V701,Normal
V702,Normal
V703,Normal
V704,Normal
V705,Normal
V706,Normal
V707,Normal
V708,Normal
V709,Normal
V71,Normal
V710,Normal
V711,Normal
V712,Normal
V713,Normal
V714,Normal
V715,Normal
V716,Normal
V717,Normal
V718,Normal
V719,Normal
V72,Normal
V720,Normal
V721,Normal
V722,Normal
V723,Normal
V724,Normal
V725,Normal
V726,Normal
V727,Normal
V728,Normal
V729,Normal
V73,Normal
V730,Normal
V731,Normal
V732,Normal
V733,Normal
V734,Normal
V735,Normal
V736,Normal
V737,Normal
V738,Normal
V739,Normal
V74,Normal
V740,Normal
V741,Normal
V742,Normal
V743,Normal
V744,Normal
V745,Normal
V746,Normal
V747,Normal
V748,Normal
V749,Normal
V75,Normal
V750,Normal
V751,Normal
V752,Normal
V753,Normal
V754,Normal
V755,Normal
V756,Normal
V757,Normal
V758,Normal
V759,Normal
V76,Normal
V760,Normal
V761,Normal
V762,Normal
V763,Normal
V764,Normal
V765,Normal
V766,Normal
V767,Normal
V768,Normal
V769,Normal
V77,Normal
V770,Normal
V771,Normal
V772,Normal
V773,Normal
V774,Normal
V775,Normal
V776,Normal
V777,Normal
V778,Normal
V779,Normal
V78,Normal
V780,Normal
V781,Normal
V782,Normal
V783,Normal
V784,Normal
V785,Normal
V786,Normal
V787,Normal
V788,Normal
V789,Normal
V79,Normal
V790,Normal
V791,Normal
V792,Normal
V793,Normal
V794,Normal
V795,Normal
V796,Normal
V797,Normal
V798,Normal
V799,Normal
V8,Normal
V80,Normal
V800,Normal
V801,Normal
V802,Normal
V803,Normal
V804,Normal
V805,Normal
V806,Normal
V807,Normal
V808,Normal
V809,Normal
V81,Normal
V810,Normal
V811,Normal
V812,Normal
V813,Normal
V814,Normal
V815,Normal
V816,Normal
V817,Normal
V818,Normal
V819,Normal
V82,Normal
V820,Normal
V821,Normal
V822,Normal
V823,Normal
V824,Normal
V825,Normal
V826,Normal
V827,Normal
V828,Normal
V829,Normal
V83,Normal
V830,Normal
V831,Normal
V832,Normal
V833,Normal
V834,Normal
V835,Normal
V836,Normal
V837,Normal
V838,Normal
V839,Normal
V84,Normal
V840,Normal
V841,Normal
V842,Normal
V843,Normal
V844,Normal
V845,Normal
V846,Normal
V847,Normal
V848,Normal
V849,Normal
V85,Normal
V850,Normal
V851,Normal
V852,Normal
V853,Normal
V854,Normal
V855,Normal
V856,Normal
V857,Normal
V858,Normal
V859,Normal
V86,Normal
V860,Normal
V861,Normal
V862,Normal
V863,Normal
V864,Normal
V865,Normal
V866,Normal
V867,Normal
V868,Normal
V869,Normal
V87,Normal
V870,Normal
V871,Normal
V872,Normal
V873,Normal
V874,Normal
V875,Normal
V876,Normal
V877,Normal
V878,Normal
V879,Normal
V88,Normal
V880,Normal
V881,Normal
V882,Normal
V883,Normal
V884,Normal
V885,Normal
V886,Normal
V887,Normal
V888,Normal
V889,Normal
V89,Normal
V890,Normal
V891,Normal
V892,Normal
V893,Normal
V894,Normal
V895,Normal
V896,Normal
V897,Normal
V898,Normal
V899,Normal
V9,Normal
V90,Normal
V900,Normal
V91,Normal
V92,Normal
V93,Normal
V94,Normal
V95,Normal
V96,Normal
V97,Normal
V98,Normal
V99,Normal
